{
	"format_version": "1.8.0",
	"animations": {
		"idle": {
			"animation_length": 5.95,
			"bones": {
				"body": {
					"rotation": [-5, 0, 0],
					"position": {
						"0.0": [0, 0, 0.5],
						"2.4": [0, 0.15, 0.5],
						"5.95": [0, 0, 0.5]
					}
				},
				"head": {
					"rotation": {
						"0.0": [22.5, 0, 0],
						"3.0": [23.5, -1, 1],
						"5.95": [22.5, 0, 0]
					},
					"position": [-0.1, 0, 0]
				},
				"rightarm": {
					"rotation": {
						"0.0": [-27.5, -22.5, 15],
						"2.4": [-27.5, -25, 16],
						"5.95": [-27.5, -22.5, 15]
					},
					"position": {
						"0.0": [0.5, -0.8, -1.1],
						"2.4": [0.5, -0.95, -1.1],
						"5.95": [0.5, -0.8, -1.1]
					}
				},
				"leftarm": {
					"rotation": [0, -12.5, -5],
					"position": {
						"0.0": [0, 0, -1.1],
						"2.4": [0, -0.1, -1.1],
						"5.95": [0, 0, -1.1]
					}
				},
				"rightleg": {
					"rotation": {
						"0.0": [-82.38565, 9.91358, 1.31845],
						"2.75": [-82, 9.91, 1.32],
						"5.95": [-82.38565, 9.91358, 1.31845]
					}
				},
				"leftleg": {
					"rotation": {
						"0.0": [-89.67255, 4.97856, 7.52136],
						"2.7": [-89.67, 5.2, 7.52],
						"5.95": [-89.67255, 4.97856, 7.52136]
					}
				},
				"eyebrow2": {
					"rotation": {
						"0.0": [0, 0, 0],
						"2.35": [0, 0, -2],
						"5.95": [0, 0, 0]
					},
					"position": {
						"0.0": [0, 0, 0],
						"2.65": [0, 0.015, 0],
						"5.95": [0, 0, 0]
					}
				},
				"eyebrow1": {
					"rotation": {
						"0.0": [0, 0, 0],
						"2.95": [0, 0, 1.25],
						"5.95": [0, 0, 0]
					},
					"position": {
						"0.0": [0, 0, 0],
						"2.95": [0, 0.045, 0],
						"5.95": [0, 0, 0]
					}
				},
				"blink1": {
					"scale": {
						"0.0": [1, 0, 1],
						"1.8": [1, 0, 1],
						"1.9": [1, 1, 1],
						"2.05": [1, 0, 1],
						"4.55": [1, 0, 1],
						"4.7": [1, 1, 1],
						"4.85": [1, 0, 1],
						"5.95": [1, 0, 1]
					}
				},
				"blink2": {
					"scale": {
						"0.0": [1, 0, 1],
						"1.8": [1, 0, 1],
						"1.9": [1, 1, 1],
						"2.05": [1, 0, 1],
						"4.55": [1, 0, 1],
						"4.7": [1, 1, 1],
						"4.85": [1, 0, 1],
						"5.95": [1, 0, 1]
					}
				}
			}
		},
		"idle2": {
			"animation_length": 5.95,
			"bones": {
				"body": {
					"rotation": [-5, 0, 0],
					"position": {
						"0.0": [0, 0, 0.5],
						"2.4": [0, 0.15, 0.5],
						"5.95": [0, 0, 0.5]
					}
				},
				"head": {
					"rotation": {
						"0.0": [22.5, 0, 0],
						"2.65": [0, -20, -5],
						"4.0": [2.5, -23, -5],
						"5.95": [22.5, 0, 0]
					},
					"position": {
						"0.0": [-0.1, 0, 0],
						"2.65": [0.1, 0, -0.2],
						"4.0": [0.1, 0, -0.2],
						"5.95": [-0.1, 0, 0]
					}
				},
				"rightarm": {
					"rotation": {
						"0.0": [-27.5, -22.5, 15],
						"2.0": [-11.5, -23, 17],
						"4.15": [-11, -25, 16],
						"5.95": [-27.5, -22.5, 15]
					},
					"position": {
						"0.0": [0.5, -0.8, -1.1],
						"2.0": [0.5, -0.95, -1.1],
						"4.15": [0.5, -1, -1.1],
						"5.95": [0.5, -0.8, -1.1]
					}
				},
				"leftarm": {
					"rotation": [0, -12.5, -5],
					"position": {
						"0.0": [0, 0, -1.1],
						"2.4": [0, -0.1, -1.1],
						"5.95": [0, 0, -1.1]
					}
				},
				"rightleg": {
					"rotation": {
						"0.0": [-82.38565, 9.91358, 1.31845],
						"2.75": [-82, 9.91, 1.32],
						"5.95": [-82.38565, 9.91358, 1.31845]
					}
				},
				"leftleg": {
					"rotation": {
						"0.0": [-89.67255, 4.97856, 7.52136],
						"2.7": [-89.67, 5.2, 7.52],
						"5.95": [-89.67255, 4.97856, 7.52136]
					}
				},
				"eyebrow2": {
					"rotation": {
						"0.0": [0, 0, 0],
						"2.35": [0, 0, -2],
						"5.95": [0, 0, 0]
					},
					"position": {
						"0.0": [0, 0, 0],
						"2.65": [0, 0.015, 0],
						"5.95": [0, 0, 0]
					}
				},
				"eyebrow1": {
					"rotation": {
						"0.0": [0, 0, 0],
						"2.95": [0, 0, 1.25],
						"5.95": [0, 0, 0]
					},
					"position": {
						"0.0": [0, 0, 0],
						"2.95": [0, 0.045, 0],
						"5.95": [0, 0, 0]
					}
				},
				"blink1": {
					"scale": {
						"0.0": [1, 0, 1],
						"1.8": [1, 0, 1],
						"1.9": [1, 1, 1],
						"2.05": [1, 0, 1],
						"4.55": [1, 0, 1],
						"4.7": [1, 1, 1],
						"4.85": [1, 0, 1],
						"5.95": [1, 0, 1]
					}
				},
				"blink2": {
					"scale": {
						"0.0": [1, 0, 1],
						"1.8": [1, 0, 1],
						"1.9": [1, 1, 1],
						"2.05": [1, 0, 1],
						"4.55": [1, 0, 1],
						"4.7": [1, 1, 1],
						"4.85": [1, 0, 1],
						"5.95": [1, 0, 1]
					}
				}
			}
		},
		"side_look": {
			"animation_length": 5,
			"bones": {
				"body": {
					"rotation": {
						"0.0": [-5, 0, 0],
						"1.75": [-4.92106, -1.0174, -5.93445],
						"4.6": [-5, 0, 0]
					},
					"position": {
						"0.0": [0, 0, 0.5],
						"1.75": [-0.3, 0, 0.5],
						"4.6": [0, 0, 0.5]
					}
				},
				"head": {
					"rotation": {
						"0.0": [22.5, 0, 0],
						"2.0": [2.5, 10, -2.5],
						"5.0": [22.5, 0, 0]
					},
					"position": {
						"0.0": [-0.1, 0, 0],
						"2.0": [-0.3, 0, 0],
						"5.0": [-0.1, 0, 0]
					}
				},
				"eyebrow2": {
					"rotation": [0, 0, 0],
					"position": [0, 0, 0]
				},
				"rightarm": {
					"rotation": {
						"0.0": [-27.5, -22.5, 15],
						"2.6": [-5, -2.5, 15],
						"5.0": [-27.5, -22.5, 15]
					},
					"position": {
						"0.0": [0.5, -0.8, -1.1],
						"2.6": [0.5, -0.9, -1],
						"5.0": [0.5, -0.8, -1.1]
					}
				},
				"leftarm": {
					"rotation": [0, -12.5, -5],
					"position": [0, 0, -1.1]
				},
				"rightleg": {
					"rotation": [-82.38565, 9.91358, 1.31845]
				},
				"leftleg": {
					"rotation": [-89.67255, 4.97856, 7.52136]
				},
				"eyebrow1": {
					"rotation": [0, 0, 0],
					"position": [0, 0, 0]
				},
				"blink1": {
					"scale": {
						"0.0": [1, 0, 1],
						"1.5": [1, 0, 1],
						"1.6": [1, 1, 1],
						"1.7": [1, 0, 1],
						"3.8": [1, 0, 1],
						"3.95": [1, 1, 1],
						"4.05": [1, 0, 1],
						"5.0": [1, 0, 1]
					}
				},
				"blink2": {
					"scale": {
						"0.0": [1, 0, 1],
						"1.5": [1, 0, 1],
						"1.6": [1, 1, 1],
						"1.7": [1, 0, 1],
						"3.8": [1, 0, 1],
						"3.95": [1, 1, 1],
						"4.05": [1, 0, 1],
						"5.0": [1, 0, 1]
					}
				}
			}
		},
		"dialogue1": {
			"animation_length": 7.8,
			"bones": {
				"body": {
					"rotation": [-5, 0, 0],
					"position": {
						"0.0": [0, 0, 0.5],
						"3.1": [0, 0.15, 0.5],
						"7.75": [0, 0, 0.5]
					}
				},
				"head": {
					"rotation": {
						"0.0": [22.5, 0, 0],
						"2.7": [0, 12.5, -5],
						"5.05": [0, -7.5, -2.5],
						"7.75": [22.5, 0, 0]
					},
					"position": [-0.1, 0, 0]
				},
				"eye1": {
					"position": {
						"0.0": [0, 0, 0],
						"2.7": [-0.2, 0, 0],
						"5.15": [0, 0, 0],
						"7.75": [0, 0, 0]
					},
					"scale": {
						"0.0": [1, 1, 1],
						"2.7": [0.9, 0.9, 0.9],
						"5.15": [0.95, 0.95, 0.95],
						"7.75": [1, 1, 1]
					}
				},
				"eye2": {
					"position": {
						"0.0": [0, 0, 0],
						"2.7": [-0.05, 0, 0],
						"5.15": [0.35, 0, 0],
						"7.75": [0, 0, 0]
					},
					"scale": {
						"0.0": [1, 1, 1],
						"2.7": [0.9, 0.9, 0.9],
						"5.15": [0.95, 0.95, 0.95],
						"7.75": [1, 1, 1]
					}
				},
				"eyebrow2": {
					"rotation": {
						"0.0": [0, 0, 0],
						"2.2": [0, 0, 0],
						"4.6": [0, 0, 3],
						"7.75": [0, 0, 0]
					},
					"position": {
						"0.0": [0, 0, 0],
						"2.2": [0, 0.1, 0],
						"4.6": [0, 0.2, 0],
						"7.75": [0, 0, 0]
					}
				},
				"rightarm": {
					"rotation": {
						"0.0": [-27.5, -22.5, 15],
						"3.1": [-27.5, -25, 16],
						"7.75": [-27.5, -22.5, 15]
					},
					"position": {
						"0.0": [0.5, -0.8, -1.1],
						"3.1": [0.5, -0.95, -1.1],
						"7.75": [0.5, -0.8, -1.1]
					}
				},
				"leftarm": {
					"rotation": [0, -12.5, -5],
					"position": {
						"0.0": [0, 0, -1.1],
						"3.1": [0, -0.1, -1.1],
						"7.75": [0, 0, -1.1]
					}
				},
				"rightleg": {
					"rotation": {
						"0.0": [-82.38565, 9.91358, 1.31845],
						"3.6": [-82, 9.91, 1.32],