{
	"format_version": "1.8.0",
	"animations": {
		"hellnah": {
			"animation_length": 9.25,
			"bones": {
				"player": {
					"position": {
						"0.0": [0, 0, 0],
						"5.15": [-14, 0, 16],
						"7.15": [-8, 0, -95],
						"7.55": [-8, 0, -100],
						"7.75": [-8, 0, -99]
					},
					"scale": {
						"5.15": [0, 0, 0],
						"5.2": {"pre": [0, 0, 0], "post": [1, 1, 1]}
					}
				},
				"body": {
					"rotation": {
						"5.15": [0, 0, 0],
						"5.2": [5, 0, 0],
						"5.4": [2.50474, -2.49048, -0.21803],
						"5.6": [5, 0, 0]
					},
					"position": {
						"5.15": [0, 0, 0],
						"5.2": [0, 0, 0],
						"5.6": [0, 0, 0]
					}
				},
				"rightarm": {
					"rotation": {
						"5.2": [0, 0, 0],
						"5.55": [32.19157, 3.81024, -9.25249],
						"5.95": [-94.08581, -17.2176, 9.81418],
						"6.3": [43.41, 20.28, 2.31],
						"6.65": [-49.09, -24.72, 24.81],
						"7.0": [45.91, 12.78, -15.19]
					},
					"position": {
						"5.2": [0, 0, 0],
						"5.55": [-0.5, -1, 0],
						"5.95": [-0.5, -1, 0],
						"6.3": [0, 0, 0],
						"6.65": [0, 0, 0],
						"7.0": [0, 0, 0]
					}
				},
				"leftarm": {
					"rotation": {
						"5.2": [45, 0, 0],
						"5.55": [-76.44338, 14.99964, 23.71694],
						"5.95": [30.51615, -23.85566, -3.36646],
						"6.3": [-77.16098, 17.11163, 21.35948],
						"6.65": [46.25373, 12.67963, 13.5366],
						"7.0": [-66.08186, 10.87867, 27.45119],
						"7.5": [37.5, -35, -25],
						"7.75": [2.5, -5, 0]
					},
					"position": {
						"5.2": [0, 0, 0],
						"5.55": [0, -1, 0],
						"5.95": [0, -1, 1],
						"6.3": [1, -1, 0],
						"6.65": [0, -1, 1],
						"7.0": [0, -0.4, 0],
						"7.5": [0, -1, 2],
						"7.75": [0, 0, 0]
					}
				},
				"pistol": {
					"scale": 0
				}
			}
		}
	}
}