{
	"format_version": "1.8.0",
	"animations": {
		"open": {
			"animation_length": 1.95,
			"bones": {
				"left_door2": {
					"rotation": {
						"0.0": [0, 0, 0],
						"0.25": [0, 0, 0],
						"1.0": [0, -77.5, 0],
						"1.5": [0, 15, 0],
						"1.65": [0, -5, 0],
						"1.75": [0, 0, 0]
					}
				},
				"right_door2": {
					"rotation": {
						"0.0": [0, 0, 0],
						"0.35": [0, 0, 0],
						"1.1": [0, 72.5, 0],
						"1.5": [0, 2.5, 0],
						"1.65": [0, -7.5, 0],
						"1.8": [0, 0, 0]
					}
				},
				"right_hand3": {
					"rotation": {
						"0.0": [0, 0, 0],
						"0.1": [0, 0, 0],
						"0.35": [34.71644, -9.39129, 3.45118],
						"0.7": [72.66313, -4.44035, 20.36566],
						"0.95": [5.11977, -3.09626, -20.95226],
						"1.05": [-8, -4, -20],
						"1.25": [0, 0, 0]
					},
					"position": {
						"0.0": [0, 16, -2],
						"0.1": [0, 16, -2],
						"0.35": [0, 16, 4],
						"0.7": [0, 16, 12],
						"0.95": [-0.71, 17.43, 22.14],
						"1.05": [-1, 18, 25],
						"1.25": [1, 16, 29]
					},
					"scale": {
						"0.0": [0, 0, 0],
						"0.1": [1, 1, 1],
						"1.15": [1, 1, 1],
						"1.25": [0, 0, 0]
					}
				},
				"left_hand4": {
					"rotation": {
						"0.0": [0, 0, 0],
						"0.25": [54.31472, 9.18229, -8.51814],
						"0.5": [59.59104, 16.00395, 11.40699],
						"0.75": [72.75767, 3.97469, 21.7445],
						"1.1": [-20, 0, 0.5]
					},
					"position": {
						"0.0": [0, 16, -2],
						"0.25": [0, 17, 2],
						"0.5": [0, 17, 10],
						"0.75": [-1.5, 17, 15],
						"1.1": [-1.5, 17, 27]
					},
					"scale": {
						"0.0": [0, 0, 0],
						"0.1": [1, 1, 1],
						"1.15": [1, 1, 1]
					}
				},
				"shitass2": {
					"rotation": {
						"0.0": [0, 7.5, 0],
						"0.4": [0, 7.5, 0],
						"0.85": [-13.50715, 9.96823, 9.80539],
						"1.1": [-13.44663, -1.03608, 17.5714],
						"1.5": [32.78119, 5.73916, -16.8559],
						"1.6": [18.47748, 2.62032, -7.32811],
						"1.7": [-5.80439, 3.9677, 5.12],
						"1.8": [3.8341, 4.31799, 0.1192],
						"1.95": [0, 7.5, 0]
					}
				}
			}
		}
	}
}